17MQQ,AD,2,SRTM_mid1_tif.tif
17MQR,AD,2,SRTM_mid15_tif.tif
17MRP,AD,2,SRTM_mid1_tif.tif
17MRQ,AD,2,SRTM_mid1_tif.tif
17MRR,AD,2,SRTM_mid15_tif.tif
17MRS,AD,2,SRTM_mid2_tif.tif
17MRT,AD,2,SRTM_mid2_tif.tif
17MRU,AD,2,SRTM_mid2_tif.tif
17MRV,AD,2,SRTM_mid2_tif.tif
18LUQ,AD,1,SRTM_mid0_tif.tif
18LUR,AD,1,SRTM_mid1_tif.tif
18LVP,AD,2,SRTM_mid0_tif.tif
18LVQ,AD,1,SRTM_mid0_tif.tif
18LVR,AD,1,SRTM_mid1_tif.tif
18LWN,AD,2,SRTM_south_tif.tif
18LWP,AD,1,SRTM_mid0_tif.tif
18LWQ,AD,1,SRTM_mid0_tif.tif
18LWR,AD,1,SRTM_mid1_tif.tif
18LXM,AD,1,SRTM_south_tif.tif
18LXN,AD,1,SRTM_south_tif.tif
18LXP,AD,1,SRTM_mid0_tif.tif
18LXQ,AD,1,SRTM_mid0_tif.tif
18LXR,AD,1,SRTM_mid1_tif.tif
18LYL,AD,1,SRTM_south_tif.tif
18LYM,AD,1,SRTM_south_tif.tif
18LYN,AD,1,SRTM_south_tif.tif
18LYP,AD,1,SRTM_mid0_tif.tif
18LYQ,AD,1,SRTM_mid0_tif.tif
18LYR,AD,1,SRTM_mid1_tif.tif
18LZL,AD,2,SRTM_south_tif.tif
18LZM,AD,1,SRTM_south_tif.tif
18LZN,AD,1,SRTM_south_tif.tif
18LZP,AD,1,SRTM_mid0_tif.tif
18LZQ,AD,1,SRTM_mid0_tif.tif
18LZR,AD,1,SRTM_mid1_tif.tif
18MTA,AD,2,SRTM_mid15_tif.tif
18MTB,AD,2,SRTM_mid2_tif.tif
18MTC,AD,2,SRTM_mid2_tif.tif
18MTD,AD,2,SRTM_mid2_tif.tif
18MTE,AD,2,SRTM_mid2_tif.tif
18MTS,AD,1,SRTM_mid1_tif.tif
18MTT,AD,1,SRTM_mid1_tif.tif
18MTU,AD,1,SRTM_mid1_tif.tif
18MTV,AD,2,SRTM_mid1_tif.tif
18MUA,AD,2,SRTM_mid15_tif.tif
18MUB,AD,2,SRTM_mid2_tif.tif
18MUC,AD,2,SRTM_mid2_tif.tif
18MUD,AD,2,SRTM_mid2_tif.tif
18MUE,AD,2,SRTM_mid2_tif.tif
18MUS,AD,1,SRTM_mid1_tif.tif
18MUT,AD,1,SRTM_mid1_tif.tif
18MUU,AD,1,SRTM_mid1_tif.tif
18MUV,AD,1,SRTM_mid1_tif.tif
18MVA,AD,1,SRTM_mid15_tif.tif
18MVB,AD,2,SRTM_mid2_tif.tif
18MVC,AD,2,SRTM_mid2_tif.tif
18MVD,AD,2,SRTM_mid2_tif.tif
18MVE,AD,1,SRTM_mid2_tif.tif
18MVS,AD,1,SRTM_mid1_tif.tif
18MVT,AD,1,SRTM_mid1_tif.tif
18MVU,AD,1,SRTM_mid1_tif.tif
18MVV,AD,1,SRTM_mid1_tif.tif
18MWA,AD,1,SRTM_mid15_tif.tif
18MWB,AD,1,SRTM_mid2_tif.tif
18MWC,AD,2,SRTM_mid2_tif.tif
18MWD,AD,2,SRTM_mid2_tif.tif
18MWE,AD,1,SRTM_mid2_tif.tif
18MWS,AD,1,SRTM_mid1_tif.tif
18MWT,AD,1,SRTM_mid1_tif.tif
18MWU,AD,1,SRTM_mid1_tif.tif
18MWV,AD,1,SRTM_mid1_tif.tif
18MXA,AD,1,SRTM_mid15_tif.tif
18MXB,AD,1,SRTM_mid2_tif.tif
18MXC,AD,2,SRTM_mid2_tif.tif
18MXD,AD,2,SRTM_mid2_tif.tif
18MXE,AD,2,SRTM_mid2_tif.tif
18MXS,AD,1,SRTM_mid1_tif.tif
18MXT,AD,2,SRTM_mid1_tif.tif
18MXU,AD,2,SRTM_mid1_tif.tif
18MXV,AD,1,SRTM_mid1_tif.tif
18MYA,AD,1,SRTM_mid15_tif.tif
18MYB,AD,1,SRTM_mid2_tif.tif
18MYC,AD,2,SRTM_mid2_tif.tif
18MYD,AD,2,SRTM_mid2_tif.tif
18MYE,AD,2,SRTM_mid2_tif.tif
18MYS,AD,1,SRTM_mid1_tif.tif
18MYT,AD,2,SRTM_mid1_tif.tif
18MYU,AD,2,SRTM_mid1_tif.tif
18MYV,AD,1,SRTM_mid1_tif.tif
18MZA,AD,1,SRTM_mid15_tif.tif
18MZB,AD,1,SRTM_mid2_tif.tif
18MZC,AD,2,SRTM_mid2_tif.tif
18MZD,AD,2,SRTM_mid2_tif.tif
18MZE,AD,2,SRTM_mid2_tif.tif
18MZS,AD,1,SRTM_mid1_tif.tif
18MZT,AD,2,SRTM_mid1_tif.tif
18MZU,AD,2,SRTM_mid1_tif.tif
18MZV,AD,2,SRTM_mid1_tif.tif
18NTF,AD,2,SRTM_mid2_tif.tif
18NTG,AD,2,SRTM_mid25_tif.tif
18NUF,AD,1,SRTM_mid2_tif.tif
18NUG,AD,1,SRTM_mid25_tif.tif
18NVF,AD,1,SRTM_mid2_tif.tif
18NVG,AD,1,SRTM_mid25_tif.tif
18NVH,AD,2,SRTM_north_tif.tif
18NWF,AD,1,SRTM_mid2_tif.tif
18NWG,AD,1,SRTM_mid25_tif.tif
18NWH,AD,1,SRTM_north_tif.tif
18NWJ,AD,1,SRTM_north_tif.tif
18NWK,AD,2,SRTM_north_tif.tif
18NXF,AD,1,SRTM_mid2_tif.tif
18NXG,AD,1,SRTM_mid25_tif.tif
18NXH,AD,1,SRTM_north_tif.tif
18NXJ,AD,1,SRTM_north_tif.tif
18NXK,AD,2,SRTM_north_tif.tif
18NYF,AD,2,SRTM_mid2_tif.tif
18NYG,AD,2,SRTM_mid25_tif.tif
18NYH,AD,1,SRTM_north_tif.tif
18NYJ,AD,1,SRTM_north_tif.tif
18NYK,AD,2,SRTM_north_tif.tif
18NZF,AD,2,SRTM_mid2_tif.tif
18NZG,AD,2,SRTM_mid25_tif.tif
18NZH,AD,2,SRTM_north_tif.tif
18NZJ,AD,2,SRTM_north_tif.tif
18NZK,AD,2,SRTM_north_tif.tif
19KGB,AD,2,SRTM_south_tif.tif
19KHB,AD,2,SRTM_south_tif.tif
19LBF,AD,1,SRTM_south_tif.tif
19LBG,AD,1,SRTM_south_tif.tif
19LBH,AD,1,SRTM_south_tif.tif
19LBJ,AD,1,SRTM_mid0_tif.tif
19LBK,AD,1,SRTM_mid0_tif.tif
19LBL,AD,1,SRTM_mid1_tif.tif
19LCF,AD,1,SRTM_south_tif.tif
19LCG,AD,1,SRTM_south_tif.tif
19LCH,AD,1,SRTM_south_tif.tif
19LCJ,AD,1,SRTM_mid0_tif.tif
19LCK,AD,1,SRTM_mid0_tif.tif
19LCL,AD,1,SRTM_mid1_tif.tif
19LDE,AD,1,SRTM_south_tif.tif
19LDF,AD,1,SRTM_south_tif.tif
19LDG,AD,1,SRTM_south_tif.tif
19LDH,AD,1,SRTM_south_tif.tif
19LDJ,AD,1,SRTM_mid0_tif.tif
19LDK,AD,1,SRTM_mid0_tif.tif
19LDL,AD,1,SRTM_mid1_tif.tif
19LED,AD,1,SRTM_south_tif.tif
19LEE,AD,1,SRTM_south_tif.tif
19LEF,AD,1,SRTM_south_tif.tif
19LEG,AD,1,SRTM_south_tif.tif
19LEH,AD,1,SRTM_south_tif.tif
19LEJ,AD,1,SRTM_mid0_tif.tif
19LEK,AD,1,SRTM_mid0_tif.tif
19LEL,D,1,SRTM_mid1_tif.tif
19LFC,AD,2,SRTM_south_tif.tif
19LFD,AD,2,SRTM_south_tif.tif
19LFE,AD,2,SRTM_south_tif.tif
19LFF,AD,2,SRTM_south_tif.tif
19LFG,AD,2,SRTM_south_tif.tif
19LFH,AD,1,SRTM_south_tif.tif
19LFJ,AD,1,SRTM_mid0_tif.tif
19LFK,AD,1,SRTM_mid0_tif.tif
19LFL,D,1,SRTM_mid1_tif.tif
19LGC,AD,1,SRTM_south_tif.tif
19LGD,AD,2,SRTM_south_tif.tif
19LGE,AD,2,SRTM_south_tif.tif
19LGF,AD,2,SRTM_south_tif.tif
19LGG,AD,2,SRTM_south_tif.tif
19LGH,AD,1,SRTM_south_tif.tif
19LGJ,AD,1,SRTM_mid0_tif.tif
19LGK,AD,1,SRTM_mid0_tif.tif
19LGL,D,1,SRTM_mid1_tif.tif
19LHC,AD,2,SRTM_south_tif.tif
19LHD,AD,2,SRTM_south_tif.tif
19LHE,AD,2,SRTM_south_tif.tif
19LHF,AD,2,SRTM_south_tif.tif
19LHG,AD,2,SRTM_south_tif.tif
19LHH,AD,1,SRTM_south_tif.tif
19LHJ,AD,1,SRTM_mid0_tif.tif
19LHK,AD,1,SRTM_mid0_tif.tif
19LHL,D,1,SRTM_mid1_tif.tif
19MBM,AD,1,SRTM_mid1_tif.tif
19MBN,AD,2,SRTM_mid1_tif.tif
19MBP,AD,2,SRTM_mid1_tif.tif
19MBQ,AD,2,SRTM_mid1_tif.tif
19MBR,AD,1,SRTM_mid15_tif.tif
19MBS,AD,1,SRTM_mid2_tif.tif
19MBT,AD,2,SRTM_mid2_tif.tif
19MBU,AD,2,SRTM_mid2_tif.tif
19MBV,AD,2,SRTM_mid2_tif.tif
19MCM,AD,1,SRTM_mid1_tif.tif
19MCN,AD,2,SRTM_mid1_tif.tif
19MCP,AD,2,SRTM_mid1_tif.tif
19MCQ,AD,2,SRTM_mid1_tif.tif
19MCR,AD,1,SRTM_mid15_tif.tif
19MCS,AD,1,SRTM_mid2_tif.tif
19MCT,AD,2,SRTM_mid2_tif.tif
19MCU,AD,2,SRTM_mid2_tif.tif
19MCV,AD,2,SRTM_mid2_tif.tif
19MDM,AD,1,SRTM_mid1_tif.tif
19MDN,AD,2,SRTM_mid1_tif.tif
19MDP,D,2,SRTM_mid1_tif.tif
19MDQ,D,2,SRTM_mid1_tif.tif
19MDR,D,1,SRTM_mid15_tif.tif
19MDS,D,1,SRTM_mid2_tif.tif
19MDT,D,1,SRTM_mid2_tif.tif
19MDU,AD,2,SRTM_mid2_tif.tif
19MDV,AD,2,SRTM_mid2_tif.tif
19MEM,D,2,SRTM_mid1_tif.tif
19MEN,D,2,SRTM_mid1_tif.tif
19MEP,D,2,SRTM_mid1_tif.tif
19MEQ,D,2,SRTM_mid1_tif.tif
19MER,D,1,SRTM_mid15_tif.tif
19MES,D,1,SRTM_mid2_tif.tif
19MET,D,1,SRTM_mid2_tif.tif
19MEU,D,2,SRTM_mid2_tif.tif
19MEV,AD,2,SRTM_mid2_tif.tif
19MFM,D,2,SRTM_mid1_tif.tif
19MFN,D,2,SRTM_mid1_tif.tif
19MFP,D,2,SRTM_mid1_tif.tif
19MFQ,D,2,SRTM_mid1_tif.tif
19MFR,D,1,SRTM_mid15_tif.tif
19MFS,D,1,SRTM_mid2_tif.tif
19MFT,D,1,SRTM_mid2_tif.tif
19MFU,D,2,SRTM_mid2_tif.tif
19MFV,AD,2,SRTM_mid2_tif.tif
19MGM,D,2,SRTM_mid1_tif.tif
19MGN,D,2,SRTM_mid1_tif.tif
19MGP,D,2,SRTM_mid1_tif.tif
19MGQ,D,2,SRTM_mid1_tif.tif
19MGR,D,1,SRTM_mid15_tif.tif
19MGS,D,1,SRTM_mid2_tif.tif
19MGT,D,1,SRTM_mid2_tif.tif
19MGU,D,1,SRTM_mid2_tif.tif
19MGV,AD,2,SRTM_mid2_tif.tif
19MHM,D,2,SRTM_mid1_tif.tif
19MHN,D,2,SRTM_mid1_tif.tif
19MHP,D,2,SRTM_mid1_tif.tif
19MHQ,D,2,SRTM_mid1_tif.tif
19MHR,D,1,SRTM_mid15_tif.tif
19MHS,D,1,SRTM_mid2_tif.tif
19MHT,D,1,SRTM_mid2_tif.tif
19MHU,D,1,SRTM_mid2_tif.tif
19MHV,AD,2,SRTM_mid2_tif.tif
19NBA,AD,2,SRTM_mid2_tif.tif
19NBB,AD,2,SRTM_mid25_tif.tif
19NBC,AD,2,SRTM_north_tif.tif
19NBD,AD,2,SRTM_north_tif.tif
19NBE,AD,2,SRTM_north_tif.tif
19NCA,AD,2,SRTM_mid2_tif.tif
19NCB,AD,2,SRTM_mid25_tif.tif
19NCC,AD,2,SRTM_north_tif.tif
19NCD,AD,2,SRTM_north_tif.tif
19NCE,AD,2,SRTM_north_tif.tif
19NDA,AD,2,SRTM_mid2_tif.tif
19NDB,AD,2,SRTM_mid25_tif.tif
19NDC,AD,2,SRTM_north_tif.tif
19NDD,AD,2,SRTM_north_tif.tif
19NDE,AD,2,SRTM_north_tif.tif
19NEA,AD,2,SRTM_mid2_tif.tif
19NEB,AD,2,SRTM_mid25_tif.tif
19NEC,AD,2,SRTM_north_tif.tif
19NED,AD,2,SRTM_north_tif.tif
19NEE,AD,2,SRTM_north_tif.tif
19NEF,AD,2,SRTM_north_tif.tif
19NFA,AD,2,SRTM_mid2_tif.tif
19NFB,AD,2,SRTM_mid25_tif.tif
19NFC,AD,2,SRTM_north_tif.tif
19NFD,AD,2,SRTM_north_tif.tif
19NFE,AD,2,SRTM_north_tif.tif
19NFF,AD,2,SRTM_north_tif.tif
19NFG,AD,2,SRTM_north_tif.tif
19NGA,AD,2,SRTM_mid2_tif.tif
19NGB,AD,2,SRTM_mid25_tif.tif
19NGC,AD,2,SRTM_north_tif.tif
19NGD,AD,2,SRTM_north_tif.tif
19NGE,AD,2,SRTM_north_tif.tif
19NGF,AD,2,SRTM_north_tif.tif
19NGG,AD,2,SRTM_north_tif.tif
19NGH,AD,2,SRTM_north_tif.tif
19NHA,AD,2,SRTM_mid2_tif.tif
19NHB,AD,2,SRTM_mid25_tif.tif
19NHC,AD,2,SRTM_north_tif.tif
19NHD,AD,2,SRTM_north_tif.tif
19NHE,AD,2,SRTM_north_tif.tif
19NHF,AD,2,SRTM_north_tif.tif
19NHG,AD,2,SRTM_north_tif.tif
19NHH,AD,2,SRTM_north_tif.tif
20KKG,AD,2,SRTM_south_tif.tif
20KLG,AD,2,SRTM_south_tif.tif
20KMG,AD,2,SRTM_south_tif.tif
20LKH,AD,2,SRTM_south_tif.tif
20LKJ,AD,2,SRTM_south_tif.tif
20LKK,AD,2,SRTM_south_tif.tif
20LKL,AD,2,SRTM_south_tif.tif
20LKM,AD,2,SRTM_south_tif.tif
20LKN,AD,1,SRTM_south_tif.tif
20LKP,AD,1,SRTM_mid0_tif.tif
20LKQ,AD,1,SRTM_mid0_tif.tif
20LKR,D,1,SRTM_mid1_tif.tif
20LLH,AD,2,SRTM_south_tif.tif
20LLJ,AD,2,SRTM_south_tif.tif
20LLK,AD,2,SRTM_south_tif.tif
20LLL,AD,2,SRTM_south_tif.tif
20LLM,AD,1,SRTM_south_tif.tif
20LLN,AD,1,SRTM_south_tif.tif
20LLP,AD,1,SRTM_mid0_tif.tif
20LLQ,AD,1,SRTM_mid0_tif.tif
20LLR,D,1,SRTM_mid1_tif.tif
20LMH,AD,2,SRTM_south_tif.tif
20LMJ,AD,1,SRTM_south_tif.tif
20LMK,AD,1,SRTM_south_tif.tif
20LML,AD,1,SRTM_south_tif.tif
20LMM,AD,1,SRTM_south_tif.tif
20LMN,AD,1,SRTM_south_tif.tif
20LMP,D,1,SRTM_mid0_tif.tif
20LMQ,D,1,SRTM_mid0_tif.tif
20LMR,D,1,SRTM_mid1_tif.tif
20LNH,D,2,SRTM_south_tif.tif
20LNJ,D,1,SRTM_south_tif.tif
20LNK,D,1,SRTM_south_tif.tif
20LNL,D,1,SRTM_south_tif.tif
20LNM,D,1,SRTM_south_tif.tif
20LNN,D,1,SRTM_south_tif.tif
20LNP,D,1,SRTM_mid0_tif.tif
20LNQ,D,1,SRTM_mid0_tif.tif
20LNR,D,1,SRTM_mid1_tif.tif
20LPK,D,1,SRTM_south_tif.tif
20LPL,D,1,SRTM_south_tif.tif
20LPM,D,1,SRTM_south_tif.tif
20LPN,D,1,SRTM_south_tif.tif
20LPP,D,1,SRTM_mid0_tif.tif
20LPQ,D,1,SRTM_mid0_tif.tif
20LPR,D,1,SRTM_mid1_tif.tif
20LQL,D,1,SRTM_south_tif.tif
20LQM,D,1,SRTM_south_tif.tif
20LQN,D,1,SRTM_south_tif.tif
20LQP,D,1,SRTM_mid0_tif.tif
20LQQ,D,1,SRTM_mid0_tif.tif
20LQR,D,1,SRTM_mid1_tif.tif
20LRM,D,1,SRTM_south_tif.tif
20LRN,D,1,SRTM_south_tif.tif
20LRP,D,1,SRTM_mid0_tif.tif
20LRQ,D,1,SRTM_mid0_tif.tif
20LRR,D,1,SRTM_mid1_tif.tif
20MKA,D,1,SRTM_mid15_tif.tif
20MKB,D,1,SRTM_mid2_tif.tif
20MKC,D,1,SRTM_mid2_tif.tif
20MKD,D,1,SRTM_mid2_tif.tif
20MKE,AD,2,SRTM_mid2_tif.tif
20MKS,D,2,SRTM_mid1_tif.tif
20MKT,D,2,SRTM_mid1_tif.tif
20MKU,D,2,SRTM_mid1_tif.tif
20MKV,D,2,SRTM_mid1_tif.tif
20MLA,D,1,SRTM_mid15_tif.tif
20MLB,D,1,SRTM_mid2_tif.tif
20MLC,D,1,SRTM_mid2_tif.tif
20MLD,D,1,SRTM_mid2_tif.tif
20MLE,AD,2,SRTM_mid2_tif.tif
20MLS,D,1,SRTM_mid1_tif.tif
20MLT,D,2,SRTM_mid1_tif.tif
20MLU,D,2,SRTM_mid1_tif.tif
20MLV,D,2,SRTM_mid1_tif.tif
20MMA,D,1,SRTM_mid15_tif.tif
20MMB,D,1,SRTM_mid2_tif.tif
20MMC,D,1,SRTM_mid2_tif.tif
20MMD,D,1,SRTM_mid2_tif.tif
20MME,AD,2,SRTM_mid2_tif.tif
20MMS,D,1,SRTM_mid1_tif.tif
20MMT,D,2,SRTM_mid1_tif.tif
20MMU,D,2,SRTM_mid1_tif.tif
20MMV,D,2,SRTM_mid1_tif.tif
20MNA,D,1,SRTM_mid15_tif.tif
20MNB,D,1,SRTM_mid2_tif.tif
20MNC,D,1,SRTM_mid2_tif.tif
20MND,D,1,SRTM_mid2_tif.tif
20MNE,AD,1,SRTM_mid2_tif.tif
20MNS,D,1,SRTM_mid1_tif.tif
20MNT,D,2,SRTM_mid1_tif.tif
20MNU,D,2,SRTM_mid1_tif.tif
20MNV,D,2,SRTM_mid1_tif.tif
20MPA,D,1,SRTM_mid15_tif.tif
20MPB,D,1,SRTM_mid2_tif.tif
20MPC,D,1,SRTM_mid2_tif.tif
20MPD,D,1,SRTM_mid2_tif.tif
20MPE,D,1,SRTM_mid2_tif.tif
20MPS,D,1,SRTM_mid1_tif.tif
20MPT,D,1,SRTM_mid1_tif.tif
20MPU,D,2,SRTM_mid1_tif.tif
20MPV,D,2,SRTM_mid1_tif.tif
20MQA,D,1,SRTM_mid15_tif.tif
20MQB,D,1,SRTM_mid2_tif.tif
20MQC,D,1,SRTM_mid2_tif.tif
20MQD,D,1,SRTM_mid2_tif.tif
20MQE,D,1,SRTM_mid2_tif.tif
20MQS,D,1,SRTM_mid1_tif.tif
20MQT,D,1,SRTM_mid1_tif.tif
20MQU,D,2,SRTM_mid1_tif.tif
20MQV,D,2,SRTM_mid1_tif.tif
20MRA,D,1,SRTM_mid15_tif.tif
20MRB,D,1,SRTM_mid2_tif.tif
20MRC,D,1,SRTM_mid2_tif.tif
20MRD,D,1,SRTM_mid2_tif.tif
20MRE,D,1,SRTM_mid2_tif.tif
20MRS,D,1,SRTM_mid1_tif.tif
20MRT,D,1,SRTM_mid1_tif.tif
20MRU,D,1,SRTM_mid1_tif.tif
20MRV,D,2,SRTM_mid1_tif.tif
20NKF,AD,2,SRTM_mid2_tif.tif
20NKG,AD,2,SRTM_mid25_tif.tif
20NKH,AD,2,SRTM_north_tif.tif
20NKJ,AD,2,SRTM_north_tif.tif
20NKK,AD,2,SRTM_north_tif.tif
20NKL,AD,2,SRTM_north_tif.tif
20NKM,AD,2,SRTM_north_tif.tif
20NKN,AD,2,SRTM_north_tif.tif
20NLF,AD,2,SRTM_mid2_tif.tif
20NLG,AD,2,SRTM_mid25_tif.tif
20NLH,AD,2,SRTM_north_tif.tif
20NLJ,AD,2,SRTM_north_tif.tif
20NLK,AD,2,SRTM_north_tif.tif
20NLL,AD,2,SRTM_north_tif.tif
20NLM,AD,2,SRTM_north_tif.tif
20NLN,AD,2,SRTM_north_tif.tif
20NMF,AD,1,SRTM_mid2_tif.tif
20NMG,AD,1,SRTM_mid25_tif.tif
20NMH,AD,2,SRTM_north_tif.tif
20NMJ,AD,2,SRTM_north_tif.tif
20NMK,AD,2,SRTM_north_tif.tif
20NML,AD,2,SRTM_north_tif.tif
20NMM,AD,2,SRTM_north_tif.tif
20NMN,AD,2,SRTM_north_tif.tif
20NNF,AD,1,SRTM_mid2_tif.tif
20NNG,AD,1,SRTM_mid25_tif.tif
20NNH,AD,1,SRTM_north_tif.tif
20NNJ,AD,2,SRTM_north_tif.tif
20NNK,AD,2,SRTM_north_tif.tif
20NNL,AD,2,SRTM_north_tif.tif
20NNM,AD,2,SRTM_north_tif.tif
20NNN,AD,2,SRTM_north_tif.tif
20NNP,AD,2,SRTM_north_tif.tif
20NPF,AD,1,SRTM_mid2_tif.tif
20NPG,AD,1,SRTM_mid25_tif.tif
20NPH,AD,1,SRTM_north_tif.tif
20NPJ,AD,2,SRTM_north_tif.tif
20NPK,AD,2,SRTM_north_tif.tif
20NPL,AD,2,SRTM_north_tif.tif
20NPM,AD,2,SRTM_north_tif.tif
20NPN,AD,2,SRTM_north_tif.tif
20NPP,AD,2,SRTM_north_tif.tif
20NQF,D,1,SRTM_mid2_tif.tif
20NQG,AD,1,SRTM_mid25_tif.tif
20NQH,AD,1,SRTM_north_tif.tif
20NQJ,AD,2,SRTM_north_tif.tif
20NQK,AD,2,SRTM_north_tif.tif
20NQL,AD,2,SRTM_north_tif.tif
20NQM,AD,2,SRTM_north_tif.tif
20NQN,AD,2,SRTM_north_tif.tif
20NQP,AD,2,SRTM_north_tif.tif
20NRF,D,1,SRTM_mid2_tif.tif
20NRG,AD,1,SRTM_mid25_tif.tif
20NRH,AD,1,SRTM_north_tif.tif
20NRJ,AD,2,SRTM_north_tif.tif
20NRK,AD,2,SRTM_north_tif.tif
20NRL,AD,2,SRTM_north_tif.tif
20NRM,AD,2,SRTM_north_tif.tif
20NRN,AD,2,SRTM_north_tif.tif
20NRP,AD,2,SRTM_north_tif.tif
20PNQ,AD,2,SRTM_north_tif.tif
20PPQ,AD,2,SRTM_north_tif.tif
20PQQ,AD,2,SRTM_north_tif.tif
20PRQ,AD,2,SRTM_north_tif.tif
21LTG,D,1,SRTM_south_tif.tif
21LTH,D,1,SRTM_south_tif.tif
21LTJ,D,1,SRTM_mid0_tif.tif
21LTK,D,1,SRTM_mid0_tif.tif
21LTL,D,1,SRTM_mid1_tif.tif
21LUG,D,1,SRTM_south_tif.tif
21LUH,D,1,SRTM_south_tif.tif
21LUJ,D,1,SRTM_mid0_tif.tif
21LUK,D,1,SRTM_mid0_tif.tif
21LUL,D,1,SRTM_mid1_tif.tif
21LVF,D,2,SRTM_south_tif.tif
21LVG,D,1,SRTM_south_tif.tif
21LVH,D,1,SRTM_south_tif.tif
21LVJ,D,1,SRTM_mid0_tif.tif
21LVK,D,1,SRTM_mid0_tif.tif
21LVL,D,1,SRTM_mid1_tif.tif
21LWF,D,2,SRTM_south_tif.tif
21LWG,D,1,SRTM_south_tif.tif
21LWH,D,1,SRTM_south_tif.tif
21LWJ,D,1,SRTM_mid0_tif.tif
21LWK,D,1,SRTM_mid0_tif.tif
21LWL,D,1,SRTM_mid1_tif.tif
21LXF,D,2,SRTM_south_tif.tif
21LXG,D,1,SRTM_south_tif.tif
21LXH,D,1,SRTM_south_tif.tif
21LXJ,D,1,SRTM_mid0_tif.tif
21LXK,D,1,SRTM_mid0_tif.tif
21LXL,D,1,SRTM_mid1_tif.tif
21LYF,D,1,SRTM_south_tif.tif
21LYG,D,1,SRTM_south_tif.tif
21LYH,D,1,SRTM_south_tif.tif
21LYJ,D,1,SRTM_mid0_tif.tif
21LYK,D,1,SRTM_mid0_tif.tif
21LYL,D,1,SRTM_mid1_tif.tif
21LZF,D,1,SRTM_south_tif.tif
21LZG,D,1,SRTM_south_tif.tif
21LZH,D,1,SRTM_south_tif.tif
21LZJ,D,1,SRTM_mid0_tif.tif
21LZK,D,1,SRTM_mid0_tif.tif
21LZL,D,1,SRTM_mid1_tif.tif
21MTM,D,1,SRTM_mid1_tif.tif
21MTN,D,1,SRTM_mid1_tif.tif
21MTP,D,1,SRTM_mid1_tif.tif
21MTQ,D,2,SRTM_mid1_tif.tif
21MTR,D,1,SRTM_mid15_tif.tif
21MTS,D,1,SRTM_mid2_tif.tif
21MTT,D,1,SRTM_mid2_tif.tif
21MTU,D,1,SRTM_mid2_tif.tif
21MTV,D,1,SRTM_mid2_tif.tif
21MUM,D,1,SRTM_mid1_tif.tif
21MUN,D,1,SRTM_mid1_tif.tif
21MUP,D,1,SRTM_mid1_tif.tif
21MUQ,D,1,SRTM_mid1_tif.tif
21MUR,D,1,SRTM_mid15_tif.tif
21MUS,D,1,SRTM_mid2_tif.tif
21MUT,D,1,SRTM_mid2_tif.tif
21MUU,D,1,SRTM_mid2_tif.tif
21MUV,D,1,SRTM_mid2_tif.tif
21MVM,D,1,SRTM_mid1_tif.tif
21MVN,D,1,SRTM_mid1_tif.tif
21MVP,D,1,SRTM_mid1_tif.tif
21MVQ,D,1,SRTM_mid1_tif.tif
21MVR,D,1,SRTM_mid15_tif.tif
21MVS,D,1,SRTM_mid2_tif.tif
21MVT,D,1,SRTM_mid2_tif.tif
21MVU,D,1,SRTM_mid2_tif.tif
21MVV,D,1,SRTM_mid2_tif.tif
21MWM,D,1,SRTM_mid1_tif.tif
21MWN,D,1,SRTM_mid1_tif.tif
21MWP,D,1,SRTM_mid1_tif.tif
21MWQ,D,1,SRTM_mid1_tif.tif
21MWR,D,1,SRTM_mid15_tif.tif
21MWS,D,1,SRTM_mid2_tif.tif
21MWT,D,1,SRTM_mid2_tif.tif
21MWU,D,1,SRTM_mid2_tif.tif
21MWV,D,1,SRTM_mid2_tif.tif
21MXM,D,1,SRTM_mid1_tif.tif
21MXN,D,1,SRTM_mid1_tif.tif
21MXP,D,1,SRTM_mid1_tif.tif
21MXQ,D,1,SRTM_mid1_tif.tif
21MXR,D,1,SRTM_mid15_tif.tif
21MXS,D,1,SRTM_mid2_tif.tif
21MXT,D,1,SRTM_mid2_tif.tif
21MXU,D,1,SRTM_mid2_tif.tif
21MXV,D,1,SRTM_mid2_tif.tif
21MYM,D,1,SRTM_mid1_tif.tif
21MYN,D,1,SRTM_mid1_tif.tif
21MYP,D,1,SRTM_mid1_tif.tif
21MYQ,D,1,SRTM_mid1_tif.tif
21MYR,D,1,SRTM_mid15_tif.tif
21MYS,D,1,SRTM_mid2_tif.tif
21MYT,D,1,SRTM_mid2_tif.tif
21MYU,D,1,SRTM_mid2_tif.tif
21MYV,D,1,SRTM_mid2_tif.tif
21MZM,D,1,SRTM_mid1_tif.tif
21MZN,D,1,SRTM_mid1_tif.tif
21MZP,D,1,SRTM_mid1_tif.tif
21MZQ,D,1,SRTM_mid1_tif.tif
21MZR,D,1,SRTM_mid15_tif.tif
21MZS,D,1,SRTM_mid2_tif.tif
21MZT,D,1,SRTM_mid2_tif.tif
21MZU,D,1,SRTM_mid2_tif.tif
21MZV,D,1,SRTM_mid2_tif.tif
21NTA,D,1,SRTM_mid2_tif.tif
21NTB,D,1,SRTM_mid25_tif.tif
21NTC,AD,1,SRTM_north_tif.tif
21NTD,AD,2,SRTM_north_tif.tif
21NTE,AD,2,SRTM_north_tif.tif
21NTF,AD,2,SRTM_north_tif.tif
21NTG,AD,2,SRTM_north_tif.tif
21NTH,AD,2,SRTM_north_tif.tif
21NTJ,AD,2,SRTM_north_tif.tif
21NUA,D,2,SRTM_mid2_tif.tif
21NUB,D,2,SRTM_mid25_tif.tif
21NUC,AD,2,SRTM_north_tif.tif
21NUD,AD,2,SRTM_north_tif.tif
21NUE,AD,2,SRTM_north_tif.tif
21NUF,AD,2,SRTM_north_tif.tif
21NUG,AD,2,SRTM_north_tif.tif
21NUH,AD,2,SRTM_north_tif.tif
21NVA,D,2,SRTM_mid2_tif.tif
21NVB,D,2,SRTM_mid25_tif.tif
21NVC,AD,2,SRTM_north_tif.tif
21NVD,AD,2,SRTM_north_tif.tif
21NVE,AD,2,SRTM_north_tif.tif
21NVF,AD,2,SRTM_north_tif.tif
21NVG,AD,2,SRTM_north_tif.tif
21NWA,D,2,SRTM_mid2_tif.tif
21NWB,D,2,SRTM_mid25_tif.tif
21NWC,AD,2,SRTM_north_tif.tif
21NWD,AD,2,SRTM_north_tif.tif
21NWE,AD,2,SRTM_north_tif.tif
21NWF,AD,2,SRTM_north_tif.tif
21NXA,D,2,SRTM_mid2_tif.tif
21NXB,AD,2,SRTM_mid25_tif.tif
21NXC,AD,2,SRTM_north_tif.tif
21NXD,AD,2,SRTM_north_tif.tif
21NXE,AD,2,SRTM_north_tif.tif
21NXF,AD,2,SRTM_north_tif.tif
21NYA,D,2,SRTM_mid2_tif.tif
21NYB,AD,2,SRTM_mid25_tif.tif
21NYC,AD,2,SRTM_north_tif.tif
21NYD,AD,2,SRTM_north_tif.tif
21NYE,AD,2,SRTM_north_tif.tif
21NYF,AD,2,SRTM_north_tif.tif
21NZA,D,2,SRTM_mid2_tif.tif
21NZB,AD,2,SRTM_mid25_tif.tif
21NZC,AD,2,SRTM_north_tif.tif
21NZD,AD,2,SRTM_north_tif.tif
21NZE,AD,2,SRTM_north_tif.tif
21NZF,AD,2,SRTM_north_tif.tif
22LBL,D,1,SRTM_south_tif.tif
22LBM,D,1,SRTM_south_tif.tif
22LBN,D,1,SRTM_south_tif.tif
22LBP,D,1,SRTM_mid0_tif.tif
22LBQ,D,1,SRTM_mid0_tif.tif
22LBR,D,1,SRTM_mid1_tif.tif
22LCM,D,1,SRTM_south_tif.tif
22LCN,D,1,SRTM_south_tif.tif
22LCP,D,1,SRTM_mid0_tif.tif
22LCQ,D,1,SRTM_mid0_tif.tif
22LCR,D,1,SRTM_mid1_tif.tif
22LDM,D,1,SRTM_south_tif.tif
22LDN,D,1,SRTM_south_tif.tif
22LDP,D,2,SRTM_mid0_tif.tif
22LDQ,D,1,SRTM_mid0_tif.tif
22LDR,D,1,SRTM_mid1_tif.tif
22LEP,D,2,SRTM_mid0_tif.tif
22LEQ,D,1,SRTM_mid0_tif.tif
22LER,D,1,SRTM_mid1_tif.tif
22LFR,D,2,SRTM_mid1_tif.tif
22MBA,D,1,SRTM_mid15_tif.tif
22MBB,D,1,SRTM_mid2_tif.tif
22MBC,D,1,SRTM_mid2_tif.tif
22MBD,D,1,SRTM_mid2_tif.tif
22MBE,D,1,SRTM_mid2_tif.tif
22MBS,D,1,SRTM_mid1_tif.tif
22MBT,D,1,SRTM_mid1_tif.tif
22MBU,D,1,SRTM_mid1_tif.tif
22MBV,D,1,SRTM_mid1_tif.tif
22MCA,D,1,SRTM_mid15_tif.tif
22MCB,D,1,SRTM_mid2_tif.tif
22MCC,D,1,SRTM_mid2_tif.tif
22MCD,D,1,SRTM_mid2_tif.tif
22MCE,D,1,SRTM_mid2_tif.tif
22MCS,D,1,SRTM_mid1_tif.tif
22MCT,D,1,SRTM_mid1_tif.tif
22MCU,D,1,SRTM_mid1_tif.tif
22MCV,D,1,SRTM_mid1_tif.tif
22MDA,D,1,SRTM_mid15_tif.tif
22MDB,D,1,SRTM_mid2_tif.tif
22MDC,D,1,SRTM_mid2_tif.tif
22MDD,D,1,SRTM_mid2_tif.tif
22MDE,D,1,SRTM_mid2_tif.tif
22MDS,D,1,SRTM_mid1_tif.tif
22MDT,D,1,SRTM_mid1_tif.tif
22MDU,D,1,SRTM_mid1_tif.tif
22MDV,D,1,SRTM_mid1_tif.tif
22MEA,D,1,SRTM_mid15_tif.tif
22MEB,D,1,SRTM_mid2_tif.tif
22MEC,D,1,SRTM_mid2_tif.tif
22MED,D,1,SRTM_mid2_tif.tif
22MEE,D,1,SRTM_mid2_tif.tif
22MES,D,1,SRTM_mid1_tif.tif
22MET,D,1,SRTM_mid1_tif.tif
22MEU,D,1,SRTM_mid1_tif.tif
22MEV,D,1,SRTM_mid1_tif.tif
22MFA,D,1,SRTM_mid15_tif.tif
22MFB,D,1,SRTM_mid2_tif.tif
22MFC,D,1,SRTM_mid2_tif.tif
22MFD,D,1,SRTM_mid2_tif.tif
22MFE,D,1,SRTM_mid2_tif.tif
22MFS,D,2,SRTM_mid1_tif.tif
22MFT,D,1,SRTM_mid1_tif.tif
22MFU,D,1,SRTM_mid1_tif.tif
22MFV,D,1,SRTM_mid1_tif.tif
22MGA,D,1,SRTM_mid15_tif.tif
22MGB,D,1,SRTM_mid2_tif.tif
22MGC,D,1,SRTM_mid2_tif.tif
22MGD,D,1,SRTM_mid2_tif.tif
22MGE,D,2,SRTM_mid2_tif.tif
22MGS,D,2,SRTM_mid1_tif.tif
22MGT,D,1,SRTM_mid1_tif.tif
22MGU,D,1,SRTM_mid1_tif.tif
22MGV,D,1,SRTM_mid1_tif.tif
22MHA,D,1,SRTM_mid15_tif.tif
22MHB,D,1,SRTM_mid2_tif.tif
22MHC,D,1,SRTM_mid2_tif.tif
22MHD,D,1,SRTM_mid2_tif.tif
22MHE,D,2,SRTM_mid2_tif.tif
22MHV,D,1,SRTM_mid1_tif.tif
22NBF,D,1,SRTM_mid2_tif.tif
22NBG,AD,2,SRTM_mid25_tif.tif
22NBH,AD,2,SRTM_north_tif.tif
22NBJ,AD,2,SRTM_north_tif.tif
22NBK,AD,2,SRTM_north_tif.tif
22NBL,AD,2,SRTM_north_tif.tif
22NCF,D,1,SRTM_mid2_tif.tif
22NCG,AD,2,SRTM_mid25_tif.tif
22NCH,AD,2,SRTM_north_tif.tif
22NCJ,AD,2,SRTM_north_tif.tif
22NCK,AD,2,SRTM_north_tif.tif
22NDF,D,1,SRTM_mid2_tif.tif
22NDG,AD,2,SRTM_mid25_tif.tif
22NDH,AD,2,SRTM_north_tif.tif
22NDJ,AD,2,SRTM_north_tif.tif
22NEF,D,1,SRTM_mid2_tif.tif
22NEG,AD,2,SRTM_mid25_tif.tif
22NEH,AD,2,SRTM_north_tif.tif
22NEJ,AD,2,SRTM_north_tif.tif
23MKQ,D,2,SRTM_mid1_tif.tif
23MKR,D,1,SRTM_mid15_tif.tif
23MKS,D,1,SRTM_mid2_tif.tif
23MKT,D,1,SRTM_mid2_tif.tif
23MKU,D,1,SRTM_mid2_tif.tif
23MKV,D,2,SRTM_mid2_tif.tif
23MLS,D,1,SRTM_mid2_tif.tif
23MLT,D,1,SRTM_mid2_tif.tif
23MLU,D,1,SRTM_mid2_tif.tif
23MMS,D,1,SRTM_mid2_tif.tif
23MMT,D,1,SRTM_mid2_tif.tif